Id,Name
7dba8ac7-4a5c-4412-a2d9-d4e4b654ed6e,"Сельское, лесное хозяйство, охота, рыболовство и рыбоводство"
b4d3e08e-eef1-4971-a359-b0c40e39141a,Добыча полезных ископаемых
e50aac42-3baf-4c76-a1c8-75acb24de707,Обрабатывающие производства
35f9a443-d992-421e-b304-02457132983a,"Обеспечение электрической энергией, газом и паром; кондиционирование воздуха"
